weierophinney;Sioux Falls, SD, USA;PHP;43.54459762573242;-96.7311019897461;United States
Ocramius;Frankfurt;PHP;50.110923767089844;8.682126998901367;Germany
brianchandotcom;Los Angeles, CA;JavaScript;34.0522346496582;-118.24368286132812;United States
taylorotwell;Arkansas;PHP;35.2010498046875;-91.83183288574219;United States
GrahamCampbell;The United Kingdom;PHP and HTML;55.3780517578125;-3.4359729290008545;United Kingdom
michalbe;Warsaw, Poland;JavaScript;52.22967529296875;21.01222801208496;Poland
fabpot;Paris, France;PHP;48.85661315917969;2.352221965789795;France
rkh;Berlin;Ruby;52.5200080871582;13.404953956604004;Germany
bevacqua;https://twitter.com/nzgb;JavaScript;-999.0;-999.0;
robrix;London, Ontario;Objective-C;42.9869499206543;-81.24317932128906;Canada
KrauseFx;San Francisco;Ruby;37.77492904663086;-122.41941833496094;United States
ornicar;France;PHP;46.227638244628906;2.2137489318847656;France
kevinsawicki;Redwood City, CA;JavaScript;37.48521423339844;-122.2363510131836;United States
hadley;Houston, TX;R;29.760427474975586;-95.36980438232422;United States
sebmck;London;JavaScript;51.50735092163086;-0.12775829434394836;United Kingdom
c9s;Taipei, Taiwan;PHP;25.032968521118164;121.56541442871094;Taiwan
feross;Mountain View, CA;JavaScript;37.386051177978516;-122.08385467529297;United States
stefanpenner;San Jose, CA;JavaScript;37.33820724487305;-121.8863296508789;United States
rstacruz;Manila, Philippines;JavaScript;14.599512100219727;120.98422241210938;Philippines
dcramer;San Francisco, CA;Python;37.77492904663086;-122.41941833496094;United States
phodal;Xiamen China;CSS;24.479833602905273;118.08942413330078;China
mrmrs;Hong Kong;CSS;22.396427154541016;114.1094970703125;Hong Kong
springmeyer;Winthrop, WA;C++;48.47792434692383;-120.18619537353516;United States
Raynos;San Francisco;JavaScript;37.77492904663086;-122.41941833496094;United States
jdalton;http://twitter.com/jdalton;JavaScript;-999.0;-999.0;
mattdesl;Toronto;JavaScript;43.65322494506836;-79.38318634033203;Canada
SamyPesse;Lyon, France / Mountain View, CA;JavaScript;37.386051177978516;-122.08385467529297;United States
JedWatson;Sydney;JavaScript;-33.86748504638672;151.2069854736328;Australia
steveklabnik;Brooklyn;Rust;40.67817687988281;-73.94416046142578;United States
tmcw;Washington, DC;JavaScript;38.90719223022461;-77.03687286376953;United States
kylef;London, England;Ruby;51.50735092163086;-0.12775829434394836;United Kingdom
markstory;Toronto, Ontario;PHP;43.65322494506836;-79.38318634033203;Canada
mitchellh;San Francisco, CA;Ruby;37.77492904663086;-122.41941833496094;United States
josevalim;Kraków, Poland;Elixir;50.06465148925781;19.94498062133789;Poland
4148;Berkeley, CA;Ruby;37.8715934753418;-122.27274322509766;United States
mikermcneil;Austin, TX;JavaScript;30.267152786254883;-97.74305725097656;United States
ebidel;San Francisco, CA;JavaScript;37.77492904663086;-122.41941833496094;United States
zcbenz;Beijing;JavaScript;39.90420913696289;116.40739440917969;China
cvrebert;SF Bay Area, California, USA;Shell;37.77492904663086;-122.41941833496094;United States
ai;Saint Petersburg, Russia;Ruby;59.93428039550781;30.335098266601562;Russia
jgm;Berkeley, CA;Haskell;37.8715934753418;-122.27274322509766;United States
alex;Washington D.C.;Python;38.90719223022461;-77.03687286376953;United States
overtrue;Beijing,China;PHP;39.90420913696289;116.40739440917969;China
yiminghe;China;JavaScript;35.86166000366211;104.19539642333984;China
gorhill;Canada / Québec;JavaScript;52.93991470336914;-73.54913330078125;Canada
benbalter;Washington, DC;Ruby;38.90719223022461;-77.03687286376953;United States
ddollar;Atlanta, GA;Ruby;33.74899673461914;-84.38798522949219;United States
mafintosh;Copenhagen, Denmark;JavaScript;55.67609786987305;12.568337440490723;Denmark
josegonzalez;New York, NY;PHP;40.71278381347656;-74.00594329833984;United States
addyosmani;London, England;JavaScript;51.50735092163086;-0.12775829434394836;United Kingdom
JakeWharton;Pittsburgh, PA;Java;40.44062423706055;-79.99588775634766;United States
ChenYilong;Beijing China.;Objective-C;39.90420913696289;116.40739440917969;China
swannodette;New York;Clojure;40.71278381347656;-74.00594329833984;United States
substack;Oakland, California, USA;JavaScript;37.80436325073242;-122.27111053466797;United States
pippinsplugins;Hutchinson, KS;PHP;38.06084442138672;-97.92977142333984;United States
EisenbergEffect;Tallahassee, FL;JavaScript;30.438255310058594;-84.28073120117188;United States
afc163;Hangzhou, China;JavaScript;30.274084091186523;120.15506744384766;China
jedisct1;Paris, France;C;48.85661315917969;2.352221965789795;France
leafo;San Francisco;MoonScript;37.77492904663086;-122.41941833496094;United States
nathansobo;Boulder, CO;CSS;40.014984130859375;-105.27054595947266;United States
DataTables;Scotland;CSS;56.49067306518555;-4.202645778656006;United Kingdom
ericholscher;Portland, Or;Python;45.52306365966797;-122.67648315429688;United States
yihui;Omaha, NE;R;41.25236511230469;-95.99798583984375;United States
webmozart;Vienna, Austria;PHP;48.20817565917969;16.37381935119629;Austria
jwiegley;Sacramenta, California, USA;Haskell;38.581573486328125;-121.49440002441406;United States
weaverryan;Nashville, TN;PHP;36.162662506103516;-86.78160095214844;United States
frsyuki;Mountain View, CA;Ruby;37.386051177978516;-122.08385467529297;United States
kevva;Sweden;JavaScript;60.1281623840332;18.64350128173828;Sweden
notwaldorf;Sun Funcisco ☀️;JavaScript;37.77492904663086;-122.41941833496094;United States
drnic;Palo Alto, CA, USA;Ruby;37.4418830871582;-122.14302062988281;United States
mcollina;In the clouds above Italy;JavaScript;-999.0;-999.0;
madskristensen;Seattle;C#;47.60620880126953;-122.33206939697266;United States
indutny;USA;JavaScript;37.090240478515625;-95.712890625;United States
jfrazelle;PID 1;Go;49.91954040527344;23.973398208618164;Ukraine
mgechev;Bulgaria;JavaScript;42.733882904052734;25.485830307006836;Bulgaria
gdi2290;San Francisco, California;JavaScript;37.77492904663086;-122.41941833496094;United States
ekmett;Cambridge, MA;Haskell;42.37361526489258;-71.10973358154297;United States
zenorocha;Los Angeles, CA;JavaScript;34.0522346496582;-118.24368286132812;United States
afollestad;Minneapolis, Minnesota;Java;44.977752685546875;-93.26500701904297;United States
3rd-Eden;Drachten, the Netherlands;JavaScript;53.09258270263672;6.0586371421813965;Netherlands
dominictarr;New Zealand;JavaScript;-40.90055847167969;174.88597106933594;New Zealand
soumith;New York, USA;Lua;40.71278381347656;-74.00594329833984;United States
rxin;San Francisco;Shell;37.77492904663086;-122.41941833496094;United States
numbbbbb;Qihoo 360, Beijing, China;JavaScript;39.90420913696289;116.40739440917969;China
rwaldron;Brooklyn, NY;JavaScript;40.67817687988281;-73.94416046142578;United States
kazuho;Tokyo;Perl;35.68948745727539;139.69171142578125;Japan
HugoGiraudel;Berlin;JavaScript;52.5200080871582;13.404953956604004;Germany
jspahrsummers;London, United Kingdom;Shell;51.50735092163086;-0.12775829434394836;United Kingdom
rdegges;Bay Area;Python;37.827178955078125;-122.29130554199219;United States
mikepenz;Linz, Austria;Java;48.30693817138672;14.285829544067383;Austria
Unknwon;Boston, MA;Go;42.36008071899414;-71.05888366699219;United States
tokuhirom;Tokyo, Japan;Perl;35.70902633666992;139.73199462890625;Japan
purcell;Wellington, New Zealand;Emacs Lisp;-41.286460876464844;174.77622985839844;New Zealand
mattn;Osaka, Japan;Go;34.6937370300293;135.50216674804688;Japan
torvalds;Portland, OR;Makefile;45.52306365966797;-122.67648315429688;United States
mbostock;San Francisco, CA;JavaScript;37.77492904663086;-122.41941833496094;United States
zilongshanren;Xiamen, Fujian, China;C;24.479833602905273;118.08942413330078;China
bbatsov;Sofia, Bulgaria;Emacs Lisp;42.69770812988281;23.321866989135742;Bulgaria
pedrovgs;Madrid;Java;40.41677474975586;-3.7037901878356934;Spain
hemanth;India;JavaScript;20.59368324279785;78.96288299560547;India
nzakas;Mountain View, CA;JavaScript;37.386051177978516;-122.08385467529297;United States
stof;Paris;PHP;48.85661315917969;2.352221965789795;France
armon;San Francisco, CA;Go;37.77492904663086;-122.41941833496094;United States
matthewmccullough;Olympia, WA, USA;Java;47.037872314453125;-122.90069580078125;United States
bergie;Berlin, Germany;JavaScript;52.5200080871582;13.404953956604004;Germany
suissa;São Paulo - SP;JavaScript;-23.550519943237305;-46.63330841064453;Brazil
graydon;Vancouver, BC;Shell;49.28273010253906;-123.12073516845703;Canada
arunoda;Colombo, Sri Lanka;JavaScript;6.927078723907471;79.86124420166016;Sri Lanka
mikolalysenko;Madison, WI;JavaScript;43.07305145263672;-89.40122985839844;United States
kana;Tokyo, Japan;VimL;35.70902633666992;139.73199462890625;Japan
josh;San Francisco, CA;JavaScript;37.77492904663086;-122.41941833496094;United States
happypeter;Qinhuangdao China;CSS;39.935386657714844;119.60049438476562;China
una;Austin, TX;JavaScript;30.267152786254883;-97.74305725097656;United States
kriskowal;San Francisco Bay Area, CA, USA;JavaScript;37.827178955078125;-122.29130554199219;United States
parkr;San Francisco, CA;Ruby;37.77492904663086;-122.41941833496094;United States
davecheney;Sydney, Australia;Go;-33.86748504638672;151.2069854736328;Australia
johnpapa;Orlando, FL;JavaScript;28.5383358001709;-81.37923431396484;United States
chrisdone;Italy;Haskell;41.87194061279297;12.56737995147705;Italy
apotonick;Sydney, Australia;Ruby;-33.86748504638672;151.2069854736328;Australia
curran;San Francisco, CA;JavaScript;37.77492904663086;-122.41941833496094;United States
paulcbetts;San Francisco;C#;37.77492904663086;-122.41941833496094;United States
samdark;Russia;PHP;61.524009704589844;105.31875610351562;Russia
willdurand;France;PHP;46.227638244628906;2.2137489318847656;France
remy;Brighton, UK;JavaScript;50.82252883911133;-0.13716299831867218;United Kingdom
marijnh;Berlin;JavaScript;52.5200080871582;13.404953956604004;Germany
domenic;New York, NY;JavaScript;40.71278381347656;-74.00594329833984;United States
PaulKinlan;Liverpool, London, Mountain View (CA);JavaScript;37.386051177978516;-122.08385467529297;United States
passy;London, UK;JavaScript;51.50735092163086;-0.12775829434394836;United Kingdom
leebyron;San Francisco;JavaScript;37.77492904663086;-122.41941833496094;United States
swankjesse;Waterloo, Canada;Java;43.464256286621094;-80.5204086303711;Canada
mitsuhiko;Austria / United Kingdom;Python;-999.0;-999.0;
prakhar1989;New York;JavaScript;40.71278381347656;-74.00594329833984;United States
luin;Hangzhou, China;JavaScript;-999.0;-999.0;
jlord;Portland, Ore;JavaScript;45.52306365966797;-122.67648315429688;United States
rvagg;South Coast NSW, Australia;JavaScript;-36.68061065673828;149.6564483642578;Australia
audreyt;Taipei, Taiwan;Perl;25.032968521118164;121.56541442871094;Taiwan
lepture;Everywhere, China;Python;-999.0;-999.0;
SamSaffron;Sydney, Australia;Ruby;-33.86748504638672;151.2069854736328;Australia
mjackson;California;JavaScript;36.77825927734375;-119.41793060302734;United States
mrdoob;London, England;JavaScript;51.50735092163086;-0.12775829434394836;United Kingdom
kohsuke;San Jose, California;Java;37.33820724487305;-121.8863296508789;United States
amueller;NYC;Python;40.71278381347656;-74.00594329833984;United States
ayende;Israel;C#;31.046051025390625;34.85161209106445;Israel
maryrosecook;New York, NY;JavaScript;40.71278381347656;-74.00594329833984;United States
jessesquires;San Francisco, CA;Ruby;37.77492904663086;-122.41941833496094;United States
balupton;Australia;JavaScript;-25.274398803710938;133.77513122558594;Australia
fzaninotto;Nancy, France;JavaScript;48.692054748535156;6.184416770935059;France
sahat;Los Angeles / New York;JavaScript;34.17919158935547;-118.13417053222656;United States
tenderlove;Seattle;Ruby;47.60620880126953;-122.33206939697266;United States
zpao;San Francisco, CA;JavaScript;37.77492904663086;-122.41941833496094;United States
Shougo;Vim;VimL;50.37395477294922;2.810417890548706;France
davidfowl;Bellevue, WA;C#;47.61037826538086;-122.20067596435547;United States
junegunn;Seoul;Ruby;37.56653594970703;126.97796630859375;South Korea
shiffman;New York, NY;JavaScript;40.71278381347656;-74.00594329833984;United States
TooTallNate;San Francisco, CA;JavaScript;37.77492904663086;-122.41941833496094;United States
gitster;Mountain View, CA;CSS;37.386051177978516;-122.08385467529297;United States
svenfuchs;Germany/Berlin;Ruby;52.5200080871582;13.404953956604004;Germany
nex3;Seattle;Ruby;47.60620880126953;-122.33206939697266;United States
karan;Seattle;Python;47.60620880126953;-122.33206939697266;United States
aFarkas;Berlin;JavaScript;52.5200080871582;13.404953956604004;Germany
RubyLouvre;China;JavaScript;35.86166000366211;104.19539642333984;China
technoweenie;Louisville, CO;Ruby;39.97776412963867;-105.13192749023438;United States
indirect;San Francisco;Ruby;37.77492904663086;-122.41941833496094;United States
ashleygwilliams;ridgewood, queens, NYC;JavaScript;40.710845947265625;-73.89776611328125;United States
fatih;Ankara, Turkey;Go;39.93336486816406;32.8597412109375;Turkey
wenzhixin;Guangzhou, China;JavaScript;23.12911033630371;113.2643814086914;China
alloy;Amsterdam, the Netherlands;Ruby;52.370216369628906;4.895167827606201;Netherlands
STRML;Milwaukee, WI;JavaScript;43.038902282714844;-87.9064712524414;United States
sebastianbergmann;Siegburg, Germany;PHP;50.79984664916992;7.207451343536377;Germany
olivergierke;Dresden, Germany;Java;51.05040740966797;13.737261772155762;Germany
sorah;Tokyo, Japan;Ruby;35.70902633666992;139.73199462890625;Japan
rafaelfranca;São Paulo, Brazil;Ruby;-23.550519943237305;-46.63330841064453;Brazil
jonathanong;Los Angeles, CA;JavaScript;34.0522346496582;-118.24368286132812;United States
jamztang;Hong Kong;Objective-C;22.396427154541016;114.1094970703125;Hong Kong
imathis;Birmingham, AL;Ruby;33.520660400390625;-86.802490234375;United States
weavejester;London, UK;Clojure;51.50735092163086;-0.12775829434394836;United Kingdom
simurai;Sapporo, Japan;CSS;43.062095642089844;141.3543701171875;Japan
munificent;Seattle, WA;Dart;47.60620880126953;-122.33206939697266;United States
shoshindes;San Francisco, CA;Ruby;37.77492904663086;-122.41941833496094;United States
aslakhellesoy;London, UK;Ruby;51.50735092163086;-0.12775829434394836;United Kingdom
andrew;Somerset, UK;JavaScript;51.105098724365234;-2.9262306690216064;United Kingdom
desandro;Alexandria, VA;JavaScript;38.80483627319336;-77.04692077636719;United States
photonstorm;UK;JavaScript;55.3780517578125;-3.4359729290008545;United Kingdom
hueniverse;Los Gatos, CA;JavaScript;37.235809326171875;-121.96237182617188;United States
chenglou;Montreal, Canada;JavaScript;45.50168991088867;-73.56725311279297;Canada
akrabat;Worcester, UK;PHP;52.19363784790039;-2.2215750217437744;United Kingdom
CharlinFeng;APP业务合作QQ：2113171554;Objective-C;-999.0;-999.0;
isaacs;Oakland CA;JavaScript;37.80436325073242;-122.27111053466797;United States
wbond;Newbury, MA;Python;42.764949798583984;-70.87145233154297;United States
chjj;San Francisco;JavaScript;37.77492904663086;-122.41941833496094;United States
jiyinyiyong;Shanghai, China;CoffeeScript;31.23041534423828;121.47370147705078;China
andreamazz;Italy;Ruby;41.87194061279297;12.56737995147705;Italy
alanhamlett;San Francisco;JavaScript;37.77492904663086;-122.41941833496094;United States
juliangruber;Munich, Germany;JavaScript;48.13512420654297;11.58198070526123;Germany
mli;Pittsburgh;Shell;40.44062423706055;-79.99588775634766;United States
sokra;Germany;JavaScript;51.16569137573242;10.451525688171387;Germany
arun-gupta;San Jose, CA;Java;37.33820724487305;-121.8863296508789;United States
laruence;Beijing, China;PHP;39.90420913696289;116.40739440917969;China
fengmk2;Hangzhou, China;JavaScript;30.274084091186523;120.15506744384766;China
ahmetalpbalkan;Seattle, WA, USA;Go;47.60620880126953;-122.33206939697266;United States
ianb;Minneapolis, Minnesota, USA;JavaScript;44.977752685546875;-93.26500701904297;United States
matthewmueller;San Francisco, CA;JavaScript;37.77492904663086;-122.41941833496094;United States
Seldaek;Zürich, Zurich, Switzerland;PHP;47.376888275146484;8.541693687438965;Switzerland
stephenplusplus;Michigan;JavaScript;44.31484603881836;-85.60236358642578;United States
mnot;Melbourne, Australia;Python;-37.81410598754883;144.96328735351562;Australia
matyhtf;China;PHP;35.86166000366211;104.19539642333984;China
soimort;Copenhagen, Denmark;Shell;55.67609786987305;12.568337440490723;Denmark
mathiasbynens;Belgium;JavaScript;50.50388717651367;4.469935894012451;Belgium
joyeecheung;Guangzhou, China;JavaScript;23.12911033630371;113.2643814086914;China
jordansissel;Silicon Valley;Ruby;37.387474060058594;-122.05754089355469;United States
justintadlock;Alabama;PHP;32.31822967529297;-86.90229797363281;United States
mdo;San Francisco, CA;CSS;37.77492904663086;-122.41941833496094;United States
aaronpk;Portland, OR;PHP;45.52306365966797;-122.67648315429688;United States
kishikawakatsumi;Tokyo;Objective-C;35.68948745727539;139.69171142578125;Japan
gfx;Tokyo, Japan;Perl;35.70902633666992;139.73199462890625;Japan
shama;Portland, OR;JavaScript;45.52306365966797;-122.67648315429688;United States
pydanny;Inland Empire, CA;Python;34.95920944213867;-116.41938781738281;United States
spicyj;Mountain View, CA;JavaScript;37.386051177978516;-122.08385467529297;United States
bradfitz;San Francisco, CA;Go;37.77492904663086;-122.41941833496094;United States
bboyfeiyu;china;Java;35.86166000366211;104.19539642333984;China
ankane;San Francisco, CA;Ruby;37.77492904663086;-122.41941833496094;United States
soyjavi;Bilbao ✈︎ Chiang Mai ✈︎ London;CoffeeScript;51.50735092163086;-0.12775829434394836;United Kingdom
n1k0;Montpellier, France;JavaScript;43.61076736450195;3.876715898513794;France
michaelliao;Beijing, China;Python;39.90420913696289;116.40739440917969;China
lsmith77;Zurich, Switzerland;PHP;47.376888275146484;8.541693687438965;Switzerland
tommy351;Taipei;JavaScript;25.032968521118164;121.56541442871094;Taiwan
jakevdp;Seattle WA;Python;47.60620880126953;-122.33206939697266;United States
moxie0;San Francisco;Python;37.77492904663086;-122.41941833496094;United States
agentzh;San Francisco, CA, USA;Perl;37.77492904663086;-122.41941833496094;United States
daviferreira;Copenhagen, Denmark;JavaScript;55.67609786987305;12.568337440490723;Denmark
ColinEberhardt;Newcastle, UK;JavaScript;54.97825241088867;-1.6177799701690674;United Kingdom
mgcrea;Paris, France;JavaScript;48.85661315917969;2.352221965789795;France
ErisDS;UK;JavaScript;55.3780517578125;-3.4359729290008545;United Kingdom
JsAaron;ChangSha,China;JavaScript;28.228208541870117;112.93881225585938;China
rsc;Cambridge, MA;Go;42.37361526489258;-71.10973358154297;United States
wesm;San Francisco, CA;Python;37.77492904663086;-122.41941833496094;United States
hughsk;Sydney, AU;JavaScript;-33.86748504638672;151.2069854736328;Australia
mcxiaoke;Beijing, China;Java;39.90420913696289;116.40739440917969;China
chrismccord;OH;Elixir;40.41728591918945;-82.90711975097656;United States
HenrikJoreteg;West Richland, WA;JavaScript;46.30430221557617;-119.36141204833984;United States
benoitc;Creil, France;Erlang;49.257686614990234;2.478391408920288;France
onevcat;Kawasaki, Japan;Objective-C;35.530906677246094;139.7030487060547;Japan
ericelliott;San Francisco, California;JavaScript;37.77492904663086;-122.41941833496094;United States
rasbt;East Lansing, Michigan;Python;42.73698043823242;-84.4838638305664;United States
jamesmontemagno;Seattle, WA;C#;47.60620880126953;-122.33206939697266;United States
lh3;Cambridge, MA, USA;C;42.37361526489258;-71.10973358154297;United States
tbranyen;San Francisco, CA;JavaScript;37.77492904663086;-122.41941833496094;United States
jskeet;London, UK;C#;51.50735092163086;-0.12775829434394836;United Kingdom
miyagawa;San Francisco, CA;Perl;37.77492904663086;-122.41941833496094;United States
philipwalton;San Francisco, CA;JavaScript;37.77492904663086;-122.41941833496094;United States
barryvdh;Eindhoven, the Netherlands;PHP;51.44164276123047;5.469722270965576;Netherlands
leizongmin;Canton, China;JavaScript;23.12911033630371;113.2643814086914;China
lilydjwg;Beijing, China;Python;39.90420913696289;116.40739440917969;China
robdodson;San Francisco, CA;JavaScript;37.77492904663086;-122.41941833496094;United States
Trinea;HangZhou, China;Java;30.274084091186523;120.15506744384766;China
indexzero;NY, NY && Santa Cruz, CA;JavaScript;40.71278381347656;-74.00594329833984;United States
getify;Austin, TX;JavaScript;30.267152786254883;-97.74305725097656;United States
liaohuqiu;San Francisco, United states;Java;37.77492904663086;-122.41941833496094;United States
bnoordhuis;The Netherlands;C;52.132633209228516;5.291265964508057;Netherlands
wasabeef;Tokyo, Japan;Java;35.70902633666992;139.73199462890625;Japan
vczh;Seattle, WA, USA;C++;47.60620880126953;-122.33206939697266;United States
hotoo;Hangzhou, China;JavaScript;30.274084091186523;120.15506744384766;China
KittenYang;Beijing,China;Objective-C;39.90420913696289;116.40739440917969;China
kylemcdonald;Brooklyn, New York;C++;40.67817687988281;-73.94416046142578;United States
coleifer;Lawrence, KS;Python;38.9716682434082;-95.2352523803711;United States
aphyr;San Francisco, CA;Clojure;37.77492904663086;-122.41941833496094;United States
sole;London;JavaScript;51.50735092163086;-0.12775829434394836;United Kingdom
joshlong;San Francisco, CA;Java;37.77492904663086;-122.41941833496094;United States
dustin;Sunnyvale, CA;Go;37.368831634521484;-122.03634643554688;United States
ruanyf;Shanghai, China;JavaScript;31.23041534423828;121.47370147705078;China
indragiek;Edmonton, AB;Objective-C;53.54438781738281;-113.49092864990234;Canada
oldratlee;Hangzhou, China;Java;30.274084091186523;120.15506744384766;China
caitp;Toronto, Canada;JavaScript;43.65322494506836;-79.38318634033203;Canada
timoxley;Brisbane, AU ⇄ Singapore;JavaScript;-27.471010208129883;153.02345275878906;Australia
joshaber;The Gem City;Objective-C;3.3775975704193115;32.6489372253418;Uganda
sergeche;Moscow, Russia;JavaScript;55.75582504272461;37.6172981262207;Russia
odrobnik;Vienna, Austria;Objective-C;48.20817565917969;16.37381935119629;Austria
mariotaku;Zhengzhou, Henan, China;Java;34.746612548828125;113.62532806396484;China
avelino;Brazil - Sao Paulo / SP;Python;-23.550519943237305;-46.63330841064453;Brazil
soffes;San Francisco;Ruby;37.77492904663086;-122.41941833496094;United States
schwa;Berkeley CA;Objective-C;37.8715934753418;-122.27274322509766;United States
vjeux;San Francisco, California;JavaScript;37.77492904663086;-122.41941833496094;United States
pluskid;Boston, MA;Python;42.36008071899414;-71.05888366699219;United States
kelseyhightower;Portland, OR;Go;45.52306365966797;-122.67648315429688;United States
daneden;San Francisco, CA;CSS;37.77492904663086;-122.41941833496094;United States
mgonto;Buenos Aires, Argentina;JavaScript;-34.60368347167969;-58.38155746459961;Argentina
carllerche;Portland, OR;Rust;45.52306365966797;-122.67648315429688;United States
paulirish;Palo Alto;JavaScript;37.4418830871582;-122.14302062988281;United States
cyanogen;Seattle, WA;Shell;47.60620880126953;-122.33206939697266;United States
nelstrom;London, UK;Ruby;51.50735092163086;-0.12775829434394836;United Kingdom
pgte;Funchal, Portugal;JavaScript;32.66693115234375;-16.924055099487305;Portugal
eduardolundgren;Brazil;JavaScript;-14.235004425048828;-51.9252815246582;Brazil
progrium;Austin, TX;Python;30.267152786254883;-97.74305725097656;United States
zensh;Shanghai, China;JavaScript;31.23041534423828;121.47370147705078;China
ripienaar;London;Ruby;51.50735092163086;-0.12775829434394836;United Kingdom
raganwald;Toronto, Canada;JavaScript;43.65322494506836;-79.38318634033203;Canada
jeresig;Brooklyn, NY;JavaScript;40.67817687988281;-73.94416046142578;United States
blueimp;Freiburg, Germany;JavaScript;47.99900817871094;7.842104434967041;Germany
darkwing;Madison, Wisconsin, United States;JavaScript;43.07305145263672;-89.40122985839844;United States
dead-horse;Hangzhou, China;JavaScript;30.274084091186523;120.15506744384766;China
PascalPrecht;Hanover, Germany, Earth;JavaScript;52.375892639160156;9.732010841369629;Germany
AdamBien;Planet Java;Java;-999.0;-999.0;
killme2008;KunShan,China;Clojure;31.385597229003906;120.9807357788086;China
kymjs;ShenZhen, China;Java;22.5430965423584;114.057861328125;China
endymuhardin;Jakarta, Indonesia;Java;-6.208763599395752;106.84559631347656;Indonesia
miloyip;Hong Kong, China;C++;22.396427154541016;114.1094970703125;Hong Kong
be5invis;Hefei, China;JavaScript;31.820592880249023;117.22721862792969;China
mperham;Portland, OR;Ruby;45.52306365966797;-122.67648315429688;United States
rakyll;San Francisco, CA;Go;37.77492904663086;-122.41941833496094;United States
radar;Melbourne, Australia;Ruby;-37.81410598754883;144.96328735351562;Australia
jeromeetienne;Dublin, Ireland;JavaScript;53.34980392456055;-6.26030969619751;Ireland
matz;Matsue, Japan;C;35.46805953979492;133.04837036132812;Japan
sk89q;United States;Java;37.090240478515625;-95.712890625;United States
philsturgeon;Brooklyn, NY;PHP;40.67817687988281;-73.94416046142578;United States
schneems;Austin, Tx;Ruby;30.267152786254883;-97.74305725097656;United States
mbleigh;Los Angeles, CA;Ruby;34.0522346496582;-118.24368286132812;United States
saulmm;Vigo, Spain;Java;42.2406005859375;-8.72072696685791;Spain
evanphx;Los Angeles, CA;Ruby;34.0522346496582;-118.24368286132812;United States
Marak;San Francisco, California;JavaScript;37.77492904663086;-122.41941833496094;United States
cusspvz;Póvoa de Varzim, Porto, Portugal;Shell;41.380367279052734;-8.760929107666016;Portugal
samuelclay;San Francisco;JavaScript;37.77492904663086;-122.41941833496094;United States
cheeaun;Singapore;JavaScript;1.3520829677581787;103.81983947753906;Singapore
robotlolita;Belo Horizonte, Brazil;JavaScript;-19.91668128967285;-43.93449401855469;Brazil
igrigorik;Mountain View, CA;Ruby;37.386051177978516;-122.08385467529297;United States
mikeal;Oakland, CA, USA;JavaScript;37.80436325073242;-122.27111053466797;United States
jzaefferer;Cologne, Germany;JavaScript;50.937530517578125;6.960278511047363;Germany
btford;San Francisco, CA;JavaScript;37.77492904663086;-122.41941833496094;United States
philips;San Francisco, CA;Shell;37.77492904663086;-122.41941833496094;United States
JacksonTian;Hangzhou, China;JavaScript;30.274084091186523;120.15506744384766;China
defunctzombie;NYC;JavaScript;40.71278381347656;-74.00594329833984;United States
bradfrost;Pittsburgh, PA;CSS;40.44062423706055;-79.99588775634766;United States
jaredhanson;Berkeley, CA;JavaScript;37.8715934753418;-122.27274322509766;United States
NARKOZ;Baku, Azerbaijan;Ruby;40.40925979614258;49.86709213256836;Azerbaijan
benjchristensen;Silicon Valley;Java;37.387474060058594;-122.05754089355469;United States
lexrus;Shanghai, China;Objective-C;31.23041534423828;121.47370147705078;China
planetoftheweb;Deland, FL;JavaScript;29.028318405151367;-81.30311584472656;United States
codefollower;China, Gui Lin;Java;25.234479904174805;110.1799545288086;China
nikic;Berlin, Germany;PHP;52.5200080871582;13.404953956604004;Germany
fnando;São Paulo, Brazil;Ruby;-23.550519943237305;-46.63330841064453;Brazil
cloudwu;China;C;35.86166000366211;104.19539642333984;China
andymatuschak;San Francisco, CA;Objective-C;37.77492904663086;-122.41941833496094;United States
ryanflorence;Salt Lake City, UT;JavaScript;40.760780334472656;-111.89104461669922;United States
ryanseys;San Francisco;JavaScript;37.77492904663086;-122.41941833496094;United States
ogrisel;Paris, France;Python;48.85661315917969;2.352221965789795;France
CamDavidsonPilon;Ottawa, Canada;Python;45.42152786254883;-75.69718933105469;Canada
kangax;New York;JavaScript;40.71278381347656;-74.00594329833984;United States
JeffreyWay;Chattanooga, TN;PHP;35.045631408691406;-85.30967712402344;United States
astaxie;Shanghai, China;Go;31.23041534423828;121.47370147705078;China
Haacked;Bellevue, WA;C#;47.61037826538086;-122.20067596435547;United States
justmarkham;Washington, DC, USA;Python;38.90719223022461;-77.03687286376953;United States
modocache;Brooklyn, NY;Objective-C;40.67817687988281;-73.94416046142578;United States
karlseguin;Singapore;Go;1.3520829677581787;103.81983947753906;Singapore
dlew;Minneapolis;Java;44.977752685546875;-93.26500701904297;United States
fxsjy;Beijing, China;Python;39.90420913696289;116.40739440917969;China
hax;Shanghai, China;JavaScript;31.23041534423828;121.47370147705078;China
coderyi;Beijing,China;Objective-C;39.90420913696289;116.40739440917969;China
drakeet;Xiamen, China;Java;24.479833602905273;118.08942413330078;China
chrisdickinson;Portland, OR;JavaScript;45.52306365966797;-122.67648315429688;United States
justjavac;Tianjin, China;JavaScript;39.08415985107422;117.20098114013672;China
econchick;San Francisco;Python;37.77492904663086;-122.41941833496094;United States
paulp;Bend, OR;Shell;44.05817413330078;-121.3153076171875;United States
fogleman;Cary, NC;Python;35.79153823852539;-78.78112030029297;United States
rs;Silicon Valley, California, USA;Go;37.387474060058594;-122.05754089355469;United States
tonymorris;Brisbane;Haskell;-27.471010208129883;153.02345275878906;Australia
paulmillr;✈ ✈ ✈;JavaScript;-999.0;-999.0;
janl;Berlin, Germany;JavaScript;52.5200080871582;13.404953956604004;Germany
kenwheeler;New Jersey;JavaScript;40.05832290649414;-74.4056625366211;United States
amatsuda;Tokyo, Japan;Ruby;35.70902633666992;139.73199462890625;Japan
xhzengAIB;Guangzhou, China;Objective-C;23.12911033630371;113.2643814086914;China
ahejlsberg;Redmond, WA, USA;nan;47.673988342285156;-122.12151336669922;United States
rogerwang;Shanghai, China;Python;31.23041534423828;121.47370147705078;China
carlosazaustre;Madrid, Spain;JavaScript;40.41677474975586;-3.7037901878356934;Spain
nathansmith;Dallas, TX;CSS;32.77666473388672;-96.79698944091797;United States
Ovilia;Shanghai, China;JavaScript;31.23041534423828;121.47370147705078;China
videlalvaro;Zurich;Erlang;47.376888275146484;8.541693687438965;Switzerland
garethr;Cambridge;Ruby;42.37361526489258;-71.10973358154297;United States
puffnfresh;Melbourne, Victoria;JavaScript;-37.81410598754883;144.96328735351562;Australia
rauchg;SF;JavaScript;37.77492904663086;-122.41941833496094;United States
robb;Berlin;Objective-C;52.5200080871582;13.404953956604004;Germany
huacnlee;Chengdu,China;Ruby;30.572816848754883;104.06680297851562;China
qiangxue;Virginia, U.S.A.;Go;37.43157196044922;-78.65689086914062;United States
technicalpickles;Savannah, GA;Ruby;32.08354187011719;-81.0998306274414;United States
bodil;London;JavaScript;51.50735092163086;-0.12775829434394836;United Kingdom
jserv;Tainan City, Taiwan;C;22.999900817871094;120.22687530517578;Taiwan
PhilJay;Austria;Ruby;47.516231536865234;14.550071716308594;Austria
markdalgleish;Melbourne, Australia;JavaScript;-37.81410598754883;144.96328735351562;Australia
alsotang;ShenZhen, China;JavaScript;22.5430965423584;114.057861328125;China
mikedewar;NYC;Python;40.71278381347656;-74.00594329833984;United States
IgorMinar;SF Bay Area, CA;JavaScript;37.77492904663086;-122.41941833496094;United States
magnars;Oslo;JavaScript;59.91386795043945;10.75224494934082;Norway
kevinzhow;Guangzhou, China;Ruby;23.12911033630371;113.2643814086914;China
nhaarman;Netherlands;Java;52.132633209228516;5.291265964508057;Netherlands
redguardtoo;Sydney;Emacs Lisp;-33.86748504638672;151.2069854736328;Australia
Caged;Portland, OR;Ruby;45.52306365966797;-122.67648315429688;United States
miguelgrinberg;Portland, OR;Python;45.52306365966797;-122.67648315429688;United States
tarcieri;San Francisco, CA;Ruby;37.77492904663086;-122.41941833496094;United States
lotem;Beijing, China;C;39.90420913696289;116.40739440917969;China
vinta;Taipei, Taiwan;Python;25.032968521118164;121.56541442871094;Taiwan
tholman;NYC, for the most part.;JavaScript;40.71278381347656;-74.00594329833984;United States
dsxNiubility;Beijing-Wangjing;Objective-C;39.99317932128906;116.46842956542969;China
coding-horror;Berkeley, CA;C#;37.8715934753418;-122.27274322509766;United States
codahale;Oakland, CA;Go;37.80436325073242;-122.27111053466797;United States
vhf;Fribourg (Switzerland);JavaScript;46.80647659301758;7.1619720458984375;Switzerland
amasad;Bay Area, CA;JavaScript;37.827178955078125;-122.29130554199219;United States
jlongster;Richmond, VA;JavaScript;37.54072570800781;-77.43605041503906;United States
davies;San Francisco, CA;Python;37.77492904663086;-122.41941833496094;United States
cssmagic;SH, China;JavaScript;29.2435245513916;88.89044189453125;China
ramalho;São Paulo;Python;-23.550519943237305;-46.63330841064453;Brazil
xufei;Nanjing, China;JavaScript;32.06025314331055;118.796875;China
mattt;Portland, OR;Ruby;45.52306365966797;-122.67648315429688;United States
jtauber;Burlington, MA;Python;42.50471496582031;-71.19561767578125;United States
coolwanglu;Europa (Jupiter II);Shell;44.9281005859375;26.013553619384766;Romania
kitcambridge;San Jose, CA;JavaScript;37.33820724487305;-121.8863296508789;United States
leeluolee;china;JavaScript;35.86166000366211;104.19539642333984;China
ztellman;San Francisco, CA;Clojure;37.77492904663086;-122.41941833496094;United States
0xced;Geneva, Switzerland;Objective-C;46.20439147949219;6.143157482147217;Switzerland
WardCunningham;Portland, Oregon;JavaScript;45.52306365966797;-122.67648315429688;United States
juliemr;Seattle, WA;JavaScript;47.60620880126953;-122.33206939697266;United States
tmm1;San Francisco, CA;Ruby;37.77492904663086;-122.41941833496094;United States
inferjay;ZhengZhou,China;Java;34.746612548828125;113.62532806396484;China
johnlui;Beijing, China;PHP;39.90420913696289;116.40739440917969;China
DamianEdwards;Redmond, WA;C#;47.673988342285156;-122.12151336669922;United States
DrBoolean;San Francisco, CA;JavaScript;37.77492904663086;-122.41941833496094;United States
tpope;Brooklyn, NY;VimL;40.67817687988281;-73.94416046142578;United States
loiane;Sao Paulo, Brazil;JavaScript;-23.550519943237305;-46.63330841064453;Brazil
bfirsh;London, UK;Shell;51.50735092163086;-0.12775829434394836;United Kingdom
mxcl;Santa Clara, CA;Objective-C;37.35410690307617;-121.95523834228516;United States
jnicklas;Sweden;Ruby;60.1281623840332;18.64350128173828;Sweden
ginatrapani;Brooklyn, NY;PHP;40.67817687988281;-73.94416046142578;United States
nvie;Netherlands;Python;52.132633209228516;5.291265964508057;Netherlands
0xxff;NYC;JavaScript;40.71278381347656;-74.00594329833984;United States
fouber;China;JavaScript;35.86166000366211;104.19539642333984;China
devinsays;Austin, Texas;PHP;30.267152786254883;-97.74305725097656;United States
nst;Switzerland;Objective-C;46.81818771362305;8.22751235961914;Switzerland
bennadel;New York, NY;JavaScript;40.71278381347656;-74.00594329833984;United States
nrrrdcore;Oakland, CA;JavaScript;37.80436325073242;-122.27111053466797;United States
tj;Victoria, BC, Canada;JavaScript;48.42842102050781;-123.36564636230469;Canada
FiloSottile;London;Python;51.50735092163086;-0.12775829434394836;United Kingdom
sdiehl;Boston, MA;Haskell;42.36008071899414;-71.05888366699219;United States
evilsocket;Rome, Italy;C++;41.90278244018555;12.496365547180176;Italy
ask;Palo Alto, CA;Python;37.4418830871582;-122.14302062988281;United States
angus-c;San Francisco;JavaScript;37.77492904663086;-122.41941833496094;United States
jaydson;Porto Alegre, Brazil;JavaScript;-30.03464698791504;-51.21765899658203;Brazil
millermedeiros;Redwood City, CA;JavaScript;37.48521423339844;-122.2363510131836;United States
kwhinnery;Saint Paul / Minneapolis;JavaScript;44.9716682434082;-93.2806167602539;United States
dherman;San Francisco, CA;JavaScript;37.77492904663086;-122.41941833496094;United States
jashkenas;NYC;JavaScript;40.71278381347656;-74.00594329833984;United States
qiwsir;Suzhou China;Python;31.298978805541992;120.58528900146484;China
connors;Castro Valley, CA;CSS;37.694095611572266;-122.08634948730469;United States
nicklockwood;UK;Objective-C;55.3780517578125;-3.4359729290008545;United Kingdom
jed;Brooklyn, NYC;JavaScript;40.67817687988281;-73.94416046142578;United States
phuslu;Nanjing, China;Python;32.06025314331055;118.796875;China
binux;London, UK;Python;51.50735092163086;-0.12775829434394836;United Kingdom
Valloric;Mountain View, CA;Python;37.386051177978516;-122.08385467529297;United States
antimatter15;Cambridge, MA;JavaScript;42.37361526489258;-71.10973358154297;United States
LeaVerou;Cambridge, MA;JavaScript;42.37361526489258;-71.10973358154297;United States
keijiro;Japan;C#;36.2048225402832;138.2529296875;Japan
flyerhzm;Shanghai, China;Ruby;31.23041534423828;121.47370147705078;China
ihower;Hsinchu ⇄ Taipei, Taiwan;Ruby;25.032968521118164;121.56541442871094;Taiwan
koenbok;Amsterdam;JavaScript;52.370216369628906;4.895167827606201;Netherlands
derickbailey;Waco, TX;JavaScript;31.549333572387695;-97.14666748046875;United States
alvarotrigo;Cambridge, UK;JavaScript;52.20533752441406;0.12181700021028519;United Kingdom
Jinjiang;Beijing, China;JavaScript;39.90420913696289;116.40739440917969;China
yisibl;China;JavaScript;35.86166000366211;104.19539642333984;China
audreyr;Inland Empire, CA;Python;34.95920944213867;-116.41938781738281;United States
skmetz;Durham, NC, US;Ruby;35.99403381347656;-78.89862060546875;United States
wesbos;Toronto, Ontario;JavaScript;43.65322494506836;-79.38318634033203;Canada
jbogard;Austin, TX;C#;30.267152786254883;-97.74305725097656;United States
qrush;Buffalo, NY;Ruby;42.88644790649414;-78.87837219238281;United States
yanhaijing;Beijing,China;JavaScript;39.90420913696289;116.40739440917969;China
ladyada;New York, NY;C++;40.71278381347656;-74.00594329833984;United States
chriseppstein;San Jose, CA;Ruby;37.33820724487305;-121.8863296508789;United States
fogus;DC;Clojure;38.90719223022461;-77.03687286376953;United States
SimonVT;Denmark;Java;56.263919830322266;9.501785278320312;Denmark
julianduque;Medellín, Colombia;JavaScript;6.253040790557861;-75.5645751953125;Colombia
loopj;San Francisco, CA;Ruby;37.77492904663086;-122.41941833496094;United States
matsko;San Francisco, California;JavaScript;37.77492904663086;-122.41941833496094;United States
LyndonChin;Hangzhou, Zhejiang, China;Java;30.274084091186523;120.15506744384766;China
karpathy;Stanford;Python;37.42410659790039;-122.16607666015625;United States
kaepora;Paris, France;JavaScript;48.85661315917969;2.352221965789795;France
trevnorris;Cupertino, CA;JavaScript;37.322998046875;-122.03218078613281;United States
codeguy;Chapel Hill, North Carolina;PHP;35.91320037841797;-79.05584716796875;United States
jverkoey;New York, NY;Objective-C;40.71278381347656;-74.00594329833984;United States
jennschiffer;Jersey City, NJ;JavaScript;40.72815704345703;-74.07764434814453;United States
kennethreitz;I ॐ AM;Python;-999.0;-999.0;
AllenDowney;Needham, MA, USA;Python;42.28092956542969;-71.23775482177734;United States
chriseidhof;Berlin;Objective-C;52.5200080871582;13.404953956604004;Germany
bcaffo;Baltimore, MD, USA;R;39.29038619995117;-76.61219024658203;United States
rhiever;Philadelphia, PA;Python;39.95258331298828;-75.16522216796875;United States
sebmarkbage;San Francisco;JavaScript;37.77492904663086;-122.41941833496094;United States
pengwynn;TX;Ruby;31.968599319458008;-99.90180969238281;United States
koush;Seattle, WA;Shell;47.60620880126953;-122.33206939697266;United States
prime31;California;C#;36.77825927734375;-119.41793060302734;United States
chloerei;china, beijing;Ruby;39.90420913696289;116.40739440917969;China
ibireme;Beijing, China;Objective-C;39.90420913696289;116.40739440917969;China
Quarx2k;Russia, Omsk;C;54.98847961425781;73.32423400878906;Russia
geohot;Glen Rock, NJ;Shell;40.96287536621094;-74.13291931152344;United States
wycats;San Francisco;Ruby;37.77492904663086;-122.41941833496094;United States
jamtur01;Brooklyn, New York;Ruby;40.67817687988281;-73.94416046142578;United States
dodola;Beijing;Java;39.90420913696289;116.40739440917969;China
madeye;Shanghai, China;Shell;31.23041534423828;121.47370147705078;China
alex-cory;Palo Alto, CA;PHP;37.4418830871582;-122.14302062988281;United States
davglass;Marion, IL;JavaScript;37.73060607910156;-88.9331283569336;United States
rsms;San Francisco;JavaScript;37.77492904663086;-122.41941833496094;United States
paullewis;London, United Kingdom;JavaScript;51.50735092163086;-0.12775829434394836;United Kingdom
necolas;San Francisco, CA;JavaScript;37.77492904663086;-122.41941833496094;United States
nesquena;San Francisco, California;Ruby;37.77492904663086;-122.41941833496094;United States
nswbmw;Beijing, China;JavaScript;39.90420913696289;116.40739440917969;China
ircmaxell;New York, NY;PHP;40.71278381347656;-74.00594329833984;United States
sstephenson;Chicago;Ruby;41.87811279296875;-87.62979888916016;United States
thomasdavis;Brisbane, Australia;JavaScript;-27.471010208129883;153.02345275878906;Australia
brosner;Denver, CO;Python;39.739234924316406;-104.99024963378906;United States
jtleek;Baltimore,MD;R;39.29038619995117;-76.61219024658203;United States
sgolemon;San Francisco Bay Area;C;37.827178955078125;-122.29130554199219;United States
android10;Berlin, Germany;Java;52.5200080871582;13.404953956604004;Germany
piscisaureus;Amsterdam;JavaScript;52.370216369628906;4.895167827606201;Netherlands
mhartl;Pasadena, CA;Ruby;34.14778518676758;-118.14451599121094;United States
eliben;California;Python;36.77825927734375;-119.41793060302734;United States
ccoenraets;Boston;JavaScript;42.36008071899414;-71.05888366699219;United States
JakeLin;Melbourne, Australia;JavaScript;-37.81410598754883;144.96328735351562;Australia
jxnblk;New York City;JavaScript;40.71278381347656;-74.00594329833984;United States
alganet;São Paulo;PHP;-23.550519943237305;-46.63330841064453;Brazil
mixu;San Francisco, California;JavaScript;37.77492904663086;-122.41941833496094;United States
fxn;Barcelona;Ruby;41.38506317138672;2.17340350151062;Spain
robbyrussell;Portland, Oregon;Ruby;45.52306365966797;-122.67648315429688;United States
jpetazzo;San Francisco;Shell;37.77492904663086;-122.41941833496094;United States
CoderMJLee;Guangzhou, China;Objective-C and Ruby;23.12911033630371;113.2643814086914;China
johnmyleswhite;San Francisco, CA;Julia;37.77492904663086;-122.41941833496094;United States
jakiestfu;Los Angeles;JavaScript;34.0522346496582;-118.24368286132812;United States
imakewebthings;Portland, OR;JavaScript;45.52306365966797;-122.67648315429688;United States
chiuki;Boulder, CO;Java;40.014984130859375;-105.27054595947266;United States
pcqpcq;Fuzhou, China;Java;26.074508666992188;119.29649353027344;China
tekkub;Denver, CO;Ruby;39.739234924316406;-104.99024963378906;United States
spf13;NYC;Go;40.71278381347656;-74.00594329833984;United States
djspiewak;Boulder, CO;Scala;40.014984130859375;-105.27054595947266;United States
robbiehanson;Bend, Oregon;Objective-C;44.05817413330078;-121.3153076171875;United States
tomdale;San Francisco, CA;JavaScript;37.77492904663086;-122.41941833496094;United States
jendewalt;United States;JavaScript;37.090240478515625;-95.712890625;United States
yuanyan;China;JavaScript;35.86166000366211;104.19539642333984;China
robconery;Seattle, WA;JavaScript;47.60620880126953;-122.33206939697266;United States
csswizardry;Leeds, UK;CSS;53.80075454711914;-1.5490773916244507;United Kingdom
gvanrossum;San Francisco Bay Area;Python;37.827178955078125;-122.29130554199219;United States
cowboy;Boston, MA;JavaScript;42.36008071899414;-71.05888366699219;United States
xdite;Taipei, Taiwan / San Francisco;Ruby;25.032968521118164;121.56541442871094;Taiwan
kesenhoo;Shanghai , China;Java;31.23041534423828;121.47370147705078;China
sofish;Shanghai China;JavaScript;31.23041534423828;121.47370147705078;China
travisneilson;Mountain View, CA;JavaScript;37.386051177978516;-122.08385467529297;United States
petehunt;San Francisco, CA;JavaScript;37.77492904663086;-122.41941833496094;United States
finscn;China;JavaScript;35.86166000366211;104.19539642333984;China
dhh;Chicago, USA;Ruby;41.87811279296875;-87.62979888916016;United States
codepo8;London, England;JavaScript;51.50735092163086;-0.12775829434394836;United Kingdom
johannilsson;Stockholm, Sweden;JavaScript;59.329322814941406;18.068580627441406;Sweden
orderedlist;South Bend, IN, USA;CSS;41.676353454589844;-86.25199127197266;United States
chovy;Capitola, CA;JavaScript;36.97522735595703;-121.95329284667969;United States
rnystrom;San Francisco, CA;Objective-C;37.77492904663086;-122.41941833496094;United States
r00k;Boston, MA;Ruby;42.36008071899414;-71.05888366699219;United States
IanLunn;Devon, UK;JavaScript;50.71556091308594;-3.5308749675750732;United Kingdom
markjaquith;Tampa, FL;PHP;27.95057487487793;-82.4571762084961;United States
MartinRGB;Beijing,China;Objective-C;39.90420913696289;116.40739440917969;China
carlosantoniodasilva;Rio do Sul, SC, Brasil;Ruby;-27.216093063354492;-49.64350128173828;Brazil
hakimel;Stockholm, Sweden;JavaScript;59.329322814941406;18.068580627441406;Sweden
baoyongzhang;Beijing, China;Java;39.90420913696289;116.40739440917969;China
supermarin;San Francisco, CA;Ruby;37.77492904663086;-122.41941833496094;United States
johnpolacek;Chicago;JavaScript;41.87811279296875;-87.62979888916016;United States
karmi;Prague, Czech Republic;Ruby;50.075538635253906;14.437800407409668;Czech Republic
sunnyxx;Beijing;Objective-C;39.90420913696289;116.40739440917969;China
vogella;Hamburg;Java;53.55108642578125;9.993681907653809;Germany
darcyclarke;Toronto;JavaScript;43.65322494506836;-79.38318634033203;Canada
slidenerd;Mumbai;Java;19.07598304748535;72.87765502929688;India
henriquebastos;Niterói, Brasil;Python;-22.885896682739258;-43.1152229309082;Brazil
rmurphey;Austin, TX;JavaScript;30.267152786254883;-97.74305725097656;United States
migueldeicaza;Boston, MA.;C#;42.36008071899414;-71.05888366699219;United States
johndbritton;New York;Ruby;40.71278381347656;-74.00594329833984;United States
island205;Shanghai China;JavaScript;31.23041534423828;121.47370147705078;China
shanselman;Portland, OR;C#;45.52306365966797;-122.67648315429688;United States
ideawu;Beijing, China;C;39.90420913696289;116.40739440917969;China
stormzhang;Shanghai, China;Java;31.23041534423828;121.47370147705078;China
nathanmarz;San Francisco / New York;Clojure;14.249162673950195;120.90099334716797;Philippines
guilhermeblanco;Toronto, ON, Canada;PHP;43.65322494506836;-79.38318634033203;Canada
xumingming;HangZhou, ZheJiang, China;Clojure;30.274084091186523;120.15506744384766;China
silentbicycle;Grand Rapids, MI;C;42.96335983276367;-85.66808319091797;United States
fredwu;Melbourne, Australia (Shanghai, China);Ruby;31.23041534423828;121.47370147705078;China
jeremy;Scottsdale, AZ;Ruby;33.494171142578125;-111.9260482788086;United States
DanWahlin;Arizona;JavaScript;34.048927307128906;-111.09373474121094;United States
muaz-khan;Pakistan;JavaScript;30.375320434570312;69.3451156616211;Pakistan
felixge;Berlin, Germany;JavaScript;52.5200080871582;13.404953956604004;Germany
pahimar;Ontario, Canada;Java;51.25377655029297;-85.32321166992188;Canada
romannurik;New York, NY;Java;40.71278381347656;-74.00594329833984;United States
ianstormtaylor;San Francisco, CA;JavaScript;37.77492904663086;-122.41941833496094;United States
rlerdorf;Probably on a plane;PHP;-999.0;-999.0;
memo;London;C++;51.50735092163086;-0.12775829434394836;United Kingdom
eminetto;Joinville, SC;PHP;-26.30440902709961;-48.84638214111328;Brazil
jwage;Nashville, TN;PHP;36.162662506103516;-86.78160095214844;United States
caolan;Sheffield, UK;JavaScript;53.38113021850586;-1.4700850248336792;United Kingdom
programthink;China;nan;35.86166000366211;104.19539642333984;China
chriscoyier;Milwaukee, WI;JavaScript;43.038902282714844;-87.9064712524414;United States
plter;Beijing;Java;39.90420913696289;116.40739440917969;China
darkoperator;Puerto Rico;PowerShell;18.22083282470703;-66.59014892578125;Puerto Rico
everzet;London, UK;PHP;51.50735092163086;-0.12775829434394836;United Kingdom
idiot;UK;JavaScript;55.3780517578125;-3.4359729290008545;United Kingdom
aheckmann;Santa Clara, CA;JavaScript;37.35410690307617;-121.95523834228516;United States
trustedsec;Cleveland, Ohio;Python;41.49932098388672;-81.6943588256836;United States
saberma;ShenZhen China;Ruby;22.5430965423584;114.057861328125;China
JEG2;Edmond, OK, USA;Ruby;35.65283203125;-97.47809600830078;United States
casatwy;shanghai, china;Objective-C;31.23041534423828;121.47370147705078;China
wenshao;Hangzhou, Zhejiang, China;Java;30.274084091186523;120.15506744384766;China
schacon;San Francisco, CA;Ruby;37.77492904663086;-122.41941833496094;United States
ttscoff;Winona, MN USA;Ruby;44.055389404296875;-91.66635131835938;United States
jchris;Mountain View, CA;JavaScript;37.386051177978516;-122.08385467529297;United States
lookingstars;beijing;Objective-C;39.90420913696289;116.40739440917969;China
kr;San Francisco;Go;37.77492904663086;-122.41941833496094;United States
jamis;Smithfield, Utah, USA;Ruby;41.838260650634766;-111.83272552490234;United States
devunwired;Denver, CO;Java;39.739234924316406;-104.99024963378906;United States
davedelong;ZZ9 Plural Z Alpha;Objective-C;-999.0;-999.0;
antoniolg;Madrid (Spain);Java;40.41677474975586;-3.7037901878356934;Spain
ammeep;New Zealand;JavaScript;-40.90055847167969;174.88597106933594;New Zealand
toddmotto;England, UK;JavaScript;52.35551834106445;-1.1743197441101074;United Kingdom
diracdeltas;SF / BOS / NYC / LA;JavaScript;37.77492904663086;-122.41941833496094;United States
hzlzh;Shenzhen, China;JavaScript;22.5430965423584;114.057861328125;China
StylingAndroid;Hertfordshire, UK;Java;51.809783935546875;-0.23767440021038055;United Kingdom
charliesome;Melbourne, Australia;Ruby;-37.81410598754883;144.96328735351562;Australia
gavinkwoe;Beijing, china;Objective-C;39.90420913696289;116.40739440917969;China
shu223;Tokyo, Japan;Objective-C;35.70902633666992;139.73199462890625;Japan
jayli;Beijing China;JavaScript;39.90420913696289;116.40739440917969;China
haoel;Beijing;C++;39.90420913696289;116.40739440917969;China
jackmoore;Gainesville, FL;JavaScript;29.651634216308594;-82.3248291015625;United States
liufan321;China;Objective-C;35.86166000366211;104.19539642333984;China
emilsjolander;London, England;Java;51.50735092163086;-0.12775829434394836;United Kingdom
rengwuxian;Beijing, China;HTML;39.90420913696289;116.40739440917969;China
GeekTrainer;Great Question;C#;-999.0;-999.0;
gabrielecirulli;Italy;Ruby;41.87194061279297;12.56737995147705;Italy
TiuTalk;Rio de Janeiro;Ruby;-22.90684700012207;-43.17289733886719;Brazil
alexjlockwood;Manhattan, NY;Java;40.78306198120117;-73.97125244140625;United States
Yangqing;Mountain View, CA;Python;37.386051177978516;-122.08385467529297;United States
PresidentObamaBot;The Internet;nan;15.121994972229004;105.80217742919922;Laos
lzyzsd;Shanghai China;Java;31.23041534423828;121.47370147705078;China
brynary;New York City;Ruby;40.71278381347656;-74.00594329833984;United States
gavinandresen;Amherst, MA;Shell;42.37322235107422;-72.51985168457031;United States
scribu;Cluj-Napoca, Romania;PHP;46.771209716796875;23.62363624572754;Romania
jacobian;Lawrence, KS;Python;38.9716682434082;-95.2352523803711;United States
brunocasanova;Póvoa de Varzim, Porto, Portugal;JavaScript;41.380367279052734;-8.760929107666016;Portugal
mattetti;Santa Monica, CA;Ruby;34.01945495605469;-118.4911880493164;United States
dmytrodanylyk;Ukraine, Lviv;Java;49.839683532714844;24.02971649169922;Ukraine
davidsonfellipe;New York, NY;JavaScript;40.71278381347656;-74.00594329833984;United States
cameronmcefee;San Francisco;JavaScript;37.77492904663086;-122.41941833496094;United States
BYVoid;Zurich, Switzerland;JavaScript;47.376888275146484;8.541693687438965;Switzerland
naoya;Tokyo, Japan;Ruby;35.70902633666992;139.73199462890625;Japan
stubbornella;San Francisco;JavaScript;37.77492904663086;-122.41941833496094;United States
codegangsta;Irvine CA;Go;33.6839485168457;-117.79469299316406;United States
feelinglucky;Hangzhou, China;Java;30.274084091186523;120.15506744384766;China
scrooloose;UK;Ruby;55.3780517578125;-3.4359729290008545;United Kingdom
greenrobot;Munich, Germany;Java;48.13512420654297;11.58198070526123;Germany
steipete;Vienna, Austria;Objective-C;48.20817565917969;16.37381935119629;Austria
ded;California;JavaScript;36.77825927734375;-119.41793060302734;United States
soulmachine;Mountain View, CA;Java;37.386051177978516;-122.08385467529297;United States
garybernhardt;Seattle, WA;Ruby;47.60620880126953;-122.33206939697266;United States
wong2;Beijing, China;Python;39.90420913696289;116.40739440917969;China
breakwa11;China;Python;35.86166000366211;104.19539642333984;China
cyfdecyf;Shanghai, China;Shell;31.23041534423828;121.47370147705078;China
dchelimsky;Chicago, IL, USA;Ruby;41.87811279296875;-87.62979888916016;United States
chrisjenx;London;Java;51.50735092163086;-0.12775829434394836;United Kingdom
JaviSoto;San Francisco;Objective-C;37.77492904663086;-122.41941833496094;United States
DHowett;Berkeley, CA;Go;37.8715934753418;-122.27274322509766;United States
gabrielpconceicao;Póvoa de Varzim;JavaScript;41.380367279052734;-8.760929107666016;Portugal
ramnathv;Montreal;JavaScript;45.50168991088867;-73.56725311279297;Canada
dhg;SF Bay Area;JavaScript;37.77492904663086;-122.41941833496094;United States
joewalnes;Chicago;JavaScript;41.87811279296875;-87.62979888916016;United States
toastdriven;Lawrence, KS;Python;38.9716682434082;-95.2352523803711;United States
cwilso;Seattle, WA, USA;JavaScript;47.60620880126953;-122.33206939697266;United States
rdpeng;Baltimore, MD;R;39.29038619995117;-76.61219024658203;United States
litesuits;中国浙江杭州;Java;30.274084091186523;120.15506744384766;China
daimajia;Beijing, China;Java;39.90420913696289;116.40739440917969;China
philogb;San Francisco, California;JavaScript;37.77492904663086;-122.41941833496094;United States
grp;Palo Alto, CA;C;37.4418830871582;-122.14302062988281;United States
al3x;Cascadia;Ruby;44.39666748046875;-122.4847640991211;United States
holman;San Francisco;Ruby;37.77492904663086;-122.41941833496094;United States
SlexAxton;Austin, TX;JavaScript;30.267152786254883;-97.74305725097656;United States
bendc;Belgium;JavaScript;50.50388717651367;4.469935894012451;Belgium
ole;Berlin;Objective-C;52.5200080871582;13.404953956604004;Germany
nacin;Washington, D.C.;JavaScript;38.90719223022461;-77.03687286376953;United States
rtomayko;Cleveland, OH;Ruby;41.49932098388672;-81.6943588256836;United States
harperreed;Chicago, Il;Python;41.87811279296875;-87.62979888916016;United States
LeonidasEsteban;Bogotá - Colombia;JavaScript;4.710988521575928;-74.07209014892578;Colombia
akitaonrails;Brazil;Ruby;-14.235004425048828;-51.9252815246582;Brazil
wayneeseguin;Buffalo, NY;Ruby;42.88644790649414;-78.87837219238281;United States
samyk;Los Angeles, California;C;34.0522346496582;-118.24368286132812;United States
pkrumins;Riga, Latvia;JavaScript;56.949649810791016;24.105186462402344;Latvia
ksky521;Beijing China;JavaScript;39.90420913696289;116.40739440917969;China
rcrowley;San Francisco, CA;Shell;37.77492904663086;-122.41941833496094;United States
unclebob;Gurnee, IL;Java;42.37030029296875;-87.90201568603516;United States
slightlyoff;San Francisco;JavaScript;37.77492904663086;-122.41941833496094;United States
amix;The World;VimL;25.21666717529297;55.16666793823242;United Arab Emirates
NatashaTheRobot;San Francisco, CA;Ruby;37.77492904663086;-122.41941833496094;United States
avdi;Pennsylvania, USA;Ruby;41.20332336425781;-77.19452667236328;United States
danielfilho;São Paulo, Brazil;JavaScript;-23.550519943237305;-46.63330841064453;Brazil
lzyy;Hangzhou, China;PHP;30.274084091186523;120.15506744384766;China
maxzhang;Beijing, China;JavaScript;39.90420913696289;116.40739440917969;China
tjfontaine;Alameda, CA;JavaScript;37.76520538330078;-122.24163818359375;United States
soulwire;London;JavaScript;51.50735092163086;-0.12775829434394836;United Kingdom
homakov;http://twitter.com/homakov;Ruby;-999.0;-999.0;
mojombo;San Francisco;Ruby;37.77492904663086;-122.41941833496094;United States
auser;San Francisco, CA;Ruby;37.77492904663086;-122.41941833496094;United States
colah;Toronto;Haskell;43.65322494506836;-79.38318634033203;Canada
julycoding;Beijing, China;TeX;39.90420913696289;116.40739440917969;China
nakajima;San Francisco;Ruby;37.77492904663086;-122.41941833496094;United States
benschwarz;Melbourne, Australia;Ruby;-37.81410598754883;144.96328735351562;Australia
joehewitt;Los Gatos, CA;JavaScript;37.235809326171875;-121.96237182617188;United States
joeeames;Salt Lake City, UT;JavaScript;40.760780334472656;-111.89104461669922;United States
mitchellsimoens;Florida USA;JavaScript;27.664827346801758;-81.51575469970703;United States
ralphschindler;New Orleans, Louisiana;PHP;29.951065063476562;-90.071533203125;United States
code4craft;Shanghai, China;Java;31.23041534423828;121.47370147705078;China
nostra13;Hrodna, Belarus;Java;53.66935348510742;23.81313133239746;Belarus
ccgus;Everett, WA;Objective-C;47.97898483276367;-122.20207977294922;United States
Prinzhorn;Germany;JavaScript;51.16569137573242;10.451525688171387;Germany
kriswallsmith;Portland, Oregon USA;PHP;45.52306365966797;-122.67648315429688;United States
gabrielemariotti;Ancona, Italy;Java;43.61582946777344;13.518915176391602;Italy
Grafikart;Montpellier;JavaScript;43.61076736450195;3.876715898513794;France
brianleroux;San Francisco, USA || Vancouver, Canada;JavaScript;37.77492904663086;-122.41941833496094;United States
chenshuo;China;C++;35.86166000366211;104.19539642333984;China
robertdavidgraham;@ErrataRob;C;-999.0;-999.0;
halzhang;China,GuangZhou;Java;23.12911033630371;113.2643814086914;China
vojtajina;San Francisco Bay Area;JavaScript;37.827178955078125;-122.29130554199219;United States
Hawstein;Beijng, China;JavaScript;39.90420913696289;116.40739440917969;China
MugunthKumar;Singapore;Objective-C;1.3520829677581787;103.81983947753906;Singapore
donnfelker;NJ/NYC;Java;40.71278381347656;-74.00594329833984;United States
youxiachai;China Canton Guangzhou;JavaScript;23.174829483032227;113.32007598876953;China
hongqn;Beijing, China;Python;39.90420913696289;116.40739440917969;China
singwhatiwanna;Beijing, China;Java;39.90420913696289;116.40739440917969;China
kneath;Dunsmuir, CA;JavaScript;41.20820999145508;-122.2719497680664;United States
padolsey;London, UK, Europe;JavaScript;51.50735092163086;-0.12775829434394836;United Kingdom
GeekZooStudio;Beijing, China;CSS;39.90420913696289;116.40739440917969;China
joearms;stockhom sweden;Erlang;59.329322814941406;18.068580627441406;Sweden
maccman;San Francisco;Ruby;37.77492904663086;-122.41941833496094;United States
glassesfactory;tokyo,setagaya;JavaScript;35.64657211303711;139.6532440185547;Japan
laracasts;Chattanooga, TN;PHP;35.045631408691406;-85.30967712402344;United States
lucasr;London, UK;Java;51.50735092163086;-0.12775829434394836;United Kingdom
cubiq;Florence, Italy;JavaScript;43.769561767578125;11.255813598632812;Italy
macournoyer;Montreal, QC, Canada;Ruby;45.50168991088867;-73.56725311279297;Canada
rentzsch;Chicagoland+WI;Objective-C;41.743507385253906;-88.01184844970703;United States
BradLarson;Madison, WI USA;Objective-C;43.07305145263672;-89.40122985839844;United States
DmitryBaranovskiy;Sydney, Australia;JavaScript;-33.86748504638672;151.2069854736328;Australia
fat;internet jail;JavaScript;-999.0;-999.0;
romaonthego;San Francisco Bay Area;Objective-C;37.827178955078125;-122.29130554199219;United States
mnielsen;New York, New York;Python;40.71278381347656;-74.00594329833984;United States
krzysztofzablocki;Warsaw, Poland;Objective-C;52.22967529296875;21.01222801208496;Poland
leah;San Francisco, CA;Python;37.77492904663086;-122.41941833496094;United States
hongyangAndroid;Xian,China;Java;34.341575622558594;108.93977355957031;China
wagerfield;London;JavaScript;51.50735092163086;-0.12775829434394836;United Kingdom
gaylemcd;United States;JavaScript;37.090240478515625;-95.712890625;United States
ouyangzhiping;beijing,china;Ruby;39.90420913696289;116.40739440917969;China
mmcgrana;San Francisco, CA;Clojure;37.77492904663086;-122.41941833496094;United States
fool2fish;Hangzhou, China;JavaScript;30.274084091186523;120.15506744384766;China
madrobby;Philadelphia, PA;JavaScript;39.95258331298828;-75.16522216796875;United States
masuidrive;Tokyo, Japan;JavaScript;35.70902633666992;139.73199462890625;Japan
harthur;San Francisco, USA;JavaScript;37.77492904663086;-122.41941833496094;United States
chrisbanes;London, UK;Java;51.50735092163086;-0.12775829434394836;United Kingdom
cloudhead;Berlin;JavaScript;52.5200080871582;13.404953956604004;Germany
tommcfarlin;Atlanta, Georgia;PHP;33.74899673461914;-84.38798522949219;United States
dexteryy;Beijing, China;JavaScript;39.90420913696289;116.40739440917969;China
MartianZ;UESTC;Shell;30.673967361450195;104.10009002685547;China
jboner;Uppsala, Sweden;Scala;59.85856246948242;17.638927459716797;Sweden
davatron5000;Austin, TX;JavaScript;30.267152786254883;-97.74305725097656;United States
jasondavies;London, UK;JavaScript;51.50735092163086;-0.12775829434394836;United Kingdom
tangqiaoboy;Beijing, China;Objective-C;39.90420913696289;116.40739440917969;China
gnuwilliam;Brazil;JavaScript;-14.235004425048828;-51.9252815246582;Brazil
zedshaw;San Francisco, CA;Python;37.77492904663086;-122.41941833496094;United States
qiao;Mountain View, CA;JavaScript;37.386051177978516;-122.08385467529297;United States
finiteloop;San Francisco, CA;Python;37.77492904663086;-122.41941833496094;United States
xinyu198736;china hangzhou 西湖区;JavaScript;30.25931167602539;120.13021087646484;China
sephiroth74;New York, NY;Java;40.71278381347656;-74.00594329833984;United States
echen;San Francisco;Ruby;37.77492904663086;-122.41941833496094;United States
lifesinger;Hangzhou, China;JavaScript;30.274084091186523;120.15506744384766;China
chad;Berlin;Ruby;52.5200080871582;13.404953956604004;Germany
SaraJo;New York, NY;JavaScript;40.71278381347656;-74.00594329833984;United States
easychen;Beijing,China;JavaScript;39.90420913696289;116.40739440917969;China
sonyxperiadev;Sweden;Makefile;60.1281623840332;18.64350128173828;Sweden
jeffknupp;New York, NY;Python;40.71278381347656;-74.00594329833984;United States
tualatrix;Hangzhou, China;Python;30.274084091186523;120.15506744384766;China
aui;Xiamen, China;JavaScript;24.479833602905273;118.08942413330078;China
richhickey;NY;Clojure;40.71278381347656;-74.00594329833984;United States
shykes;San Francisco, CA;Shell;37.77492904663086;-122.41941833496094;United States
mttkay;Berlin, Germany;Java;52.5200080871582;13.404953956604004;Germany
atebits;Philly;Objective-C;39.95258331298828;-75.16522216796875;United States
bobuk;Russia, Moscow;Python;55.75582504272461;37.6172981262207;Russia
tavisrudd;Vancouver;Shell;45.638729095458984;-122.66148376464844;United States
jfeinstein10;New York, NY;JavaScript;40.71278381347656;-74.00594329833984;United States
Dinnerbone;Stockholm, Sweden;Java;59.329322814941406;18.068580627441406;Sweden
nimbupani;San Francisco;JavaScript;37.77492904663086;-122.41941833496094;United States
Gregg;Orlando, FL;Ruby;28.5383358001709;-81.37923431396484;United States
lanxuezaipiao;China;CSS;35.86166000366211;104.19539642333984;China
defunkt;San Francisco;Ruby;37.77492904663086;-122.41941833496094;United States
daylerees;Wales, UK;PHP;52.13066101074219;-3.7837116718292236;United Kingdom
jbarnette;New Orleans;Ruby;29.951065063476562;-90.071533203125;United States
ericzhang-cn;Beijing, China;CSS;39.90420913696289;116.40739440917969;China
adrianholovaty;Chicago;Python;41.87811279296875;-87.62979888916016;United States
levey;Shanghai;Objective-C;31.23041534423828;121.47370147705078;China
ericbarnes;Gastonia, NC;PHP;35.262081146240234;-81.18730163574219;United States
tapajos;Rio de Janeiro, Brazil, Earth;Ruby;-22.90684700012207;-43.17289733886719;Brazil
mateiz;Berkeley, CA;Python;37.8715934753418;-122.27274322509766;United States
aterrien;Rennes, Fr;JavaScript;48.11726760864258;-1.6777925491333008;France
dshaw;San Francisco, CA;JavaScript;37.77492904663086;-122.41941833496094;United States
mattgemmell;Edinburgh, Scotland;Objective-C;55.953250885009766;-3.1882669925689697;United Kingdom
ducrohet;Mountain View;Groovy;37.386051177978516;-122.08385467529297;United States
SaraSoueidan;Lebanon;CSS;33.85472106933594;35.86228561401367;Lebanon
cyndibaby905;Beijing, China;Objective-C;39.90420913696289;116.40739440917969;China
yaoweibin;Hangzhou, China;C;30.274084091186523;120.15506744384766;China
hmason;New York, NY;Python;40.71278381347656;-74.00594329833984;United States
bernarddeluna;Rio de Janeiro, Brazil;JavaScript;-22.90684700012207;-43.17289733886719;Brazil
samvermette;Montréal;Objective-C;45.50168991088867;-73.56725311279297;Canada
afabbro;New York;JavaScript;40.71278381347656;-74.00594329833984;United States
ericflo;San Francisco, CA;Python;37.77492904663086;-122.41941833496094;United States
peterc;Cambridge, UK;Ruby;52.20533752441406;0.12181700021028519;United Kingdom
evilcos;xeyeteam;JavaScript;-999.0;-999.0;
EvanDotPro;Gilbert, Arizona;PHP;33.35282516479492;-111.78902435302734;United States
chaoslawful;Beijing, China;C;39.90420913696289;116.40739440917969;China
wintercn;China;JavaScript;35.86166000366211;104.19539642333984;China
bartaz;Poznań, Poland;JavaScript;52.406375885009766;16.925168991088867;Poland
nicolasgramlich;San Francisco, CA;Java;37.77492904663086;-122.41941833496094;United States
robbin;Shanghai, China;Ruby;31.23041534423828;121.47370147705078;China
livid;California;Python;36.77825927734375;-119.41793060302734;United States
topfunky;Seattle, USA;Ruby;47.60620880126953;-122.33206939697266;United States
alexyoung;London, England;JavaScript;51.50735092163086;-0.12775829434394836;United Kingdom
omz;Berlin, Germany;Objective-C;52.5200080871582;13.404953956604004;Germany
honcheng;Singapore;Objective-C;1.3520829677581787;103.81983947753906;Singapore
tobi;Ottawa, Canada;Ruby;45.42152786254883;-75.69718933105469;Canada
AlanQuatermain;Cupertino, CA;Objective-C;37.322998046875;-122.03218078613281;United States
flavienlaurent;Paris, France;Java;48.85661315917969;2.352221965789795;France
ptwobrussell;Franklin, TN;Python;35.92506408691406;-86.86888885498047;United States
sjl;Reykjavík, Iceland;Python;64.12651824951172;-21.817440032958984;Iceland
simonw;San Francisco, CA;Python;37.77492904663086;-122.41941833496094;United States
codebutler;San Francisco, CA;Shell;37.77492904663086;-122.41941833496094;United States
fordream;guangzhou;C++;23.12911033630371;113.2643814086914;China
hackedteam;We Kill People™;C;-999.0;-999.0;
malsup;@malsup on twitter;JavaScript and HTML;-999.0;-999.0;
ikew0ng;China;Java;35.86166000366211;104.19539642333984;China
fengli;paris;Python;48.85661315917969;2.352221965789795;France
jesstess;Cambridge, MA;Python;42.37361526489258;-71.10973358154297;United States
octocat;San Francisco;CSS;37.77492904663086;-122.41941833496094;United States
saurik;Santa Barbara, CA;Shell;34.42082977294922;-119.69818878173828;United States
stefanesser;Cologne, Germany;C;50.937530517578125;6.960278511047363;Germany
erica;Denver, CO;Objective-C;39.739234924316406;-104.99024963378906;United States
stuarthalloway;Chapel Hill, NC;Clojure;35.91320037841797;-79.05584716796875;United States
carlosbrando;São Paulo, Brazil;Ruby;-23.550519943237305;-46.63330841064453;Brazil
oschina;SZ China;Java;34.123958587646484;118.76592254638672;China
xNotch;Stockholm, Sweden;CSS;59.329322814941406;18.068580627441406;Sweden
